cpf,e-mail,nome,sexo,idade
77964830740,edith_dawson@live.com,Edith Dawson,m,26
16538352065,alta_moore@yahoo.com,Alta Moore,m,19
27117082682,dollie_curry@live.com,Dollie Curry,f,25
63950073604,anne_pearson@hotmail.com,Anne Pearson,f,30
02432696506,edna_turner@live.com,Edna Turner,f,17
29536516322,vincent_flores@yahoo.com,Vincent Flores,m,29
56126400135,jason_gomez@outlook.com.br,Jason Gomez,m,27
80071130373,frank_boone@hotmail.com,Frank Boone,m,29
57173262623,frederick_fernandez@bol.com.br,Frederick Fernandez,m,16
10528979248,anthony_stevenson@outlook.com.br,Anthony Stevenson,m,30
31811612849,adeline_jackson@outlook.com.br,Adeline Jackson,f,26
35678331892,nora_jenkins@gmail.com,Nora Jenkins,f,23
99578692137,luke_sims@live.com,Luke Sims,m,28
19846644507,daniel_goodman@outlook.com.br,Daniel Goodman,m,25
86798481310,larry_wheeler@hotmail.com,Larry Wheeler,m,18
31223803589,lewis_fisher@live.com,Lewis Fisher,m,28
53547307597,barbara_alvarez@hotmail.com,Barbara Alvarez,f,25
54656337609,cynthia_flores@outlook.com.br,Cynthia Flores,f,26
35753742793,ella_gilbert@yahoo.com,Ella Gilbert,f,26
96548126149,todd_patterson@yahoo.com,Todd Patterson,m,30
28004353568,rebecca_howell@bol.com.br,Rebecca Howell,f,25
37333909204,cecelia_murray@gmail.com,Cecelia Murray,f,21
70279428286,lucile_hubbard@yahoo.com,Lucile Hubbard,f,21
66123087533,jason_abbott@yahoo.com,Jason Abbott,m,17
48268989670,allen_jensen@yahoo.com,Allen Jensen,m,16
94431822208,ricardo_adkins@live.com,Ricardo Adkins,m,21
03895619400,nora_boone@live.com,Nora Boone,f,20
13822133361,lura_wilkerson@live.com,Lura Wilkerson,f,24
32450774831,cecilia_murray@bol.com.br,Cecilia Murray,f,20
75515507983,bryan_guzman@bol.com.br,Bryan Guzman,m,30
09167283233,mitchell_hart@yahoo.com,Mitchell Hart,m,28
68641552421,albert_francis@yahoo.com,Albert Francis,m,26
94856561812,violet_johnson@yahoo.com,Violet Johnson,f,20
51962924629,rachel_woods@yahoo.com,Rachel Woods,f,29
81849955980,sadie_norman@outlook.com.br,Sadie Norman,f,20
83575173826,jerry_armstrong@bol.com.br,Jerry Armstrong,m,19
26226104082,chris_bush@outlook.com.br,Chris Bush,m,20
22552807011,barbara_dawson@outlook.com.br,Barbara Dawson,f,29
75044906956,dominic_murray@hotmail.com,Dominic Murray,m,22
43397265592,miguel_bass@outlook.com.br,Miguel Bass,m,27
28010077062,ethan_berry@gmail.com,Ethan Berry,m,16
30593303440,scott_holt@live.com,Scott Holt,m,20
52064109501,dollie_pope@hotmail.com,Dollie Pope,f,17
71340961571,earl_lane@yahoo.com,Earl Lane,m,20
64639546408,marion_hodges@gmail.com,Marion Hodges,m,19
46794548305,may_sullivan@yahoo.com,May Sullivan,f,22
39858139578,adrian_carson@bol.com.br,Adrian Carson,f,20
66432096685,lois_reyes@yahoo.com,Lois Reyes,f,18
09115047539,john_park@outlook.com.br,John Park,m,20
41732254400,marvin_knight@bol.com.br,Marvin Knight,m,26
15674898774,jessie_vaughn@live.com,Jessie Vaughn,f,27
21188071637,brian_francis@yahoo.com,Brian Francis,m,18
94520403782,mattie_ross@outlook.com.br,Mattie Ross,m,25
37035217754,gary_dennis@live.com,Gary Dennis,m,23
39688982571,calvin_edwards@gmail.com,Calvin Edwards,m,30
99544284532,carl_fernandez@gmail.com,Carl Fernandez,m,22
14413770420,travis_cain@bol.com.br,Travis Cain,m,28
48435876489,timothy_stokes@bol.com.br,Timothy Stokes,m,25
95449487835,rebecca_murphy@gmail.com,Rebecca Murphy,f,24
08767434401,stanley_butler@yahoo.com,Stanley Butler,m,29
26256205600,alvin_bryan@gmail.com,Alvin Bryan,m,18
26432726689,blake_gutierrez@live.com,Blake Gutierrez,m,28
51974043452,sylvia_coleman@gmail.com,Sylvia Coleman,f,17
02371593176,todd_allen@yahoo.com,Todd Allen,m,21
77652006660,leon_wade@gmail.com,Leon Wade,m,18
77227403599,elnora_quinn@hotmail.com,Elnora Quinn,f,21
56258903908,bobby_long@bol.com.br,Bobby Long,m,20
05643190311,ida_ortiz@live.com,Ida Ortiz,f,24
80678328978,mamie_ruiz@hotmail.com,Mamie Ruiz,f,21
20885438485,jon_gross@live.com,Jon Gross,m,20
45733978929,jerry_fox@live.com,Jerry Fox,m,26
62328366007,lettie_brooks@gmail.com,Lettie Brooks,f,15
20523737300,alice_mendoza@outlook.com.br,Alice Mendoza,f,17
52532303514,katie_kelly@live.com,Katie Kelly,f,29
46271177107,allie_wallace@live.com,Allie Wallace,f,30
98506851238,tom_pratt@live.com,Tom Pratt,m,23
83625984504,lelia_barber@gmail.com,Lelia Barber,f,17
36218875393,adam_elliott@bol.com.br,Adam Elliott,m,29
05688006218,patrick_richardson@yahoo.com,Patrick Richardson,m,29
17962467436,warren_moreno@live.com,Warren Moreno,m,30
68678763400,jason_gray@outlook.com.br,Jason Gray,m,18
05944995939,anthony_butler@bol.com.br,Anthony Butler,m,18
53440552500,lester_romero@live.com,Lester Romero,m,22
57101366112,bill_valdez@gmail.com,Bill Valdez,m,15
21362447790,ricardo_hansen@outlook.com.br,Ricardo Hansen,m,27
08176406902,virgie_parks@bol.com.br,Virgie Parks,m,16
65400248519,lelia_pratt@live.com,Lelia Pratt,f,25
52175390543,mollie_mcdaniel@bol.com.br,Mollie McDaniel,f,25
10427168384,emma_horton@outlook.com.br,Emma Horton,f,27
92829478665,belle_cruz@gmail.com,Belle Cruz,f,18
55069034561,isabelle_butler@outlook.com.br,Isabelle Butler,f,22
71399333917,philip_hammond@yahoo.com,Philip Hammond,m,27
76910300106,louisa_hart@live.com,Louisa Hart,f,25
64884004280,peter_cobb@gmail.com,Peter Cobb,m,21
50399556265,flora_dawson@bol.com.br,Flora Dawson,f,26
28064459656,catherine_colon@gmail.com,Catherine Colon,f,24
47103158843,johnny_hammond@live.com,Johnny Hammond,m,27
24474322320,mason_guzman@gmail.com,Mason Guzman,m,24
50618781757,sophie_jackson@live.com,Sophie Jackson,f,21
89566034997,adam_ramsey@live.com,Adam Ramsey,m,22
12624839640,floyd_jensen@yahoo.com,Floyd Jensen,m,18
60558818960,ollie_mathis@outlook.com.br,Ollie Mathis,m,30
78901775425,alan_mcbride@gmail.com,Alan McBride,m,35
27225797743,brian_walker@live.com,Brian Walker,m,24
1974155986,nannie_dennis@live.com,Nannie Dennis,f,22
45333607346,lilly_curry@hotmail.com,Lilly Curry,f,25
71316936937,jeanette_jimenez@yahoo.com,Jeanette Jimenez,f,28
13936581134,caroline_ortiz@yahoo.com,Caroline Ortiz,f,27
78932406952,theresa_morton@bol.com.br,Theresa Morton,f,26
32056274230,dominic_carson@bol.com.br,Dominic Carson,m,17
66527798890,zachary_carr@hotmail.com,Zachary Carr,m,19
91066829799,carrie_graves@live.com,Carrie Graves,f,35
07065340180,mabel_steele@live.com,Mabel Steele,f,34
94742222075,georgia_price@outlook.com.br,Georgia Price,m,33
56423626588,brandon_lane@yahoo.com,Brandon Lane,m,38
71202979610,bessie_wise@live.com,Bessie Wise,f,60
52487236558,johanna_rivera@gmail.com,Johanna Rivera,f,20
55021199803,dollie_saunders@live.com,Dollie Saunders,f,50
92386880281,lida_lamb@live.com,Lida Lamb,f,40
88547397906,lawrence_becker@gmail.com,Lawrence Becker,m,45
47045437145,rhoda_mcgee@yahoo.com,Rhoda McGee,f,65
74710920842,aaron_hill@gmail.com,Aaron Hill,m,18
78162232001,polly_mitchell@live.com,Polly Mitchell,f,23
30572736967,sara_mckinney@bol.com.br,Sara McKinney,f,22
48586115312,maggie_fox@bol.com.br,Maggie Fox,f,30
95680807246,caroline_barrett@yahoo.com,Caroline Barrett,f,33
70733431763,ruby_barker@live.com,Ruby Barker,m,35
46241274201,cody_clark@hotmail.com,Cody Clark,m,34
26389895330,gene_perkins@yahoo.com,Gene Perkins,f,18
45233217791,harold_holmes@bol.com.br,Harold Holmes,m,24
53882074639,polly_casey@hotmail.com,Polly Casey,f,33
98144429842,tyler_james@live.com,Tyler James,m,31
31652359885,elizabeth_montgomery@gmail.com,Elizabeth Montgomery,f,32
76799894279,mildred_dixon@hotmail.com,Mildred Dixon,m,50
31875932674,mabelle_johnson@yahoo.com,Mabelle Johnson,f,22
66862176978,alberta_weber@outlook.com.br,Alberta Weber,f,18
45612616562,sean_porter@yahoo.com,Sean Porter,m,19
34627484836,lottie_bryant@live.com,Lottie Bryant,f,34
54500367446,jacob_elliott@bol.com.br,Jacob Elliott,m,41
16292787427,luella_mullins@bol.com.br,Luella Mullins,f,47
47711162880,jennie_james@yahoo.com,Jennie James,f,48
19328018552,norman_morton@hotmail.com,Norman Morton,f,35
22009364007,eunice_reid@gmail.com,Eunice Reid,f,33
88784474122,robert_farmer@outlook.com.br,Robert Farmer,m,34
84624941330,minnie_torres@yahoo.com,Minnie Torres,m,30
47264616800,oscar_hanson@hotmail.com,Oscar Hanson,m,22
41993654437,kyle_boyd@live.com,Kyle Boyd,m,24
26165762360,cody_patton@live.com,Cody Patton,m,25
87621170093,alfred_lee@yahoo.com,Alfred Lee,m,28
